id,category
0,0.36157440126452367
1,0.6520112337216314
2,0.7563655882653912
3,0.6218113502867082
4,0.8730419885400007
5,0.7377130739308473
6,0.4130454750778654
7,0.671391512317522
8,0.612504997949809
9,0.8620266582886471
10,0.7068909462582353
11,0.7461111371586229
12,0.33517925948496696
13,0.5717343267917588
14,0.25790995236543257
15,0.8053546859875745
16,0.731936425477827
17,0.738256615146571
18,0.47367768726031656
19,0.7196607089768117